tweet_id,isPolitical
1597170281545551872,Yes
1431700027471192069,No
1566035577090281472,Yes
1591538690869940225,Yes
1583898169238167554,Yes
1596914274907348992,Yes
1586078823736840192,Yes
1593337764510142465,Yes
1587669897240354817,Yes
1596582972500897792,Yes
1441499580441497606,No
1597488580729131008,No
1585730096341880833,No
1576204635706363904,Yes
1595378646176382976,Yes
1360982890570539011,No
1368959859077611526,No
1549372704721195009,Yes
1387422101469073411,No
1596451666882330625,Yes
1424690109014753286,No
1594056267999346690,Yes
1443220226968018954,Yes
1445075713237917699,No
1588176600906231808,Yes
1596912385629257728,Yes
1592948532415455233,Yes
1394603835419725824,No
1589728209716715521,Yes
1595467049676988416,Yes
1412764312335269888,No
1589732501215670272,Yes
1586753995263057922,Yes
1589512341812817925,Yes
1587879005721706497,Yes
1594694618712621056,Yes
1595143669211811841,Yes
1348545244904742914,No
1596925218488201217,Yes
1584847718702546945,Yes
1596191184166481921,Yes
1590461706085748739,Yes
1585984828691783681,Yes
1347053420746825729,No
1544390514388176902,No
1594396786302816258,Yes
1580145663970418688,Yes
1590562939291209729,Yes
1585194325658734592,Yes
1596813507928154113,Yes
1579163657124343808,Yes
1594586041008136196,Yes
1593561242744102914,Yes
1595851365519089664,Yes
1589888339108585474,Yes
1559560254974746628,Yes
1365053560740798466,No
1580671989701754880,Yes
1419653347997585413,Yes
1595835215246671875,Yes
1569226617855123456,No
1582459028428718080,Yes
1370836435583049729,No
1592601771385716736,Yes
1589991659856875520,No
1594400267826450433,Yes
1549676485958672390,Yes
1393976731594280964,No
1579548145411067904,Yes
1594989605568532480,Yes
1556180714088964096,No
1594252726287978496,Yes
1583499575154728963,Yes
1381763620045008906,No
1583881558720905216,Yes
1381217240251396096,No
1432649604898738179,Yes
1551176919990820864,Yes
1595165065527070721,No
1406690888840007683,No
1596939460381245442,Yes
1586023312961871873,Yes
1591133078814064660,Yes
1353474799524339712,No
1592079492947869698,Yes
1590033222695792641,Yes
1550477748765954049,Yes
1582742603119792128,Yes
1590384342840532993,Yes
1593326192639315970,No
1590394197135147008,Yes
1349758706158870528,No
1421057207559458817,No
1590289964709072897,No
1587763949096894465,Yes
1592601354362818561,Yes
1596282195362353154,Yes
1590744118669430786,Yes
1558836894401806338,Yes
1454411251635867651,No
1594760254125916160,Yes
1592156987126861827,Yes
1598019379043573760,Yes
1421388958550929411,No
1586272172439261184,Yes
1417467928962912256,No
1587704881049227264,Yes
1589316675597651968,Yes
1583014353393004544,Yes
1589214322827616256,Yes
1596587892746620928,Yes
1589808204120485890,Yes
1368915785746423817,Yes
1396043666989490182,No
1405017481492807682,No
1585934323467030531,Yes
1589212249700212737,Yes
1587362502819602432,Yes
1440032160824508420,No
1437851667182104593,No
1595774278309498880,Yes
1547149379294973952,Yes
1589692520556265472,Yes
1358872940037758987,No
1585972974435602432,Yes
1569063677206368256,Yes
1418595530712788994,No
1594019489724522496,Yes
1596836083643211777,Yes
1391510663722328065,No
1550889127167533058,Yes
1557405658579886082,Yes
1585323590370488320,Yes
1597631725030371329,Yes
1362116753946468354,No
1586802718261272578,No
1585156783638982656,Yes
1584311456765730816,No
1597630305019756544,Yes
1592217411495034882,Yes
1555622565317693445,Yes
1593024509581623296,Yes
1585570814891630592,Yes
1594418067190194178,Yes
1566462681749393408,Yes
1594781787875643416,Yes
1589679551785078785,Yes
1595443932015562754,Yes
1345680041192120320,No
1584768932111470592,Yes
1349016446022651906,No
1592879904752009217,Yes
1546769580974039041,No
1597926604281647105,Yes
1583141179625205760,Yes
1597695346632986624,Yes
1567983304485519360,Yes
1594702777434996736,Yes
1597173586653216769,Yes
1596838485838942211,Yes
1586780176478007296,Yes
1589317505490685952,Yes
1588986282625363969,Yes
1596501498732908544,Yes
1439629633918574592,No
1589207481653207040,Yes
1593583340795219968,Yes
1432790346853924864,No
1360554825356873732,No
1595824037158354944,Yes
1587386782332633088,No
1441282979867754503,No
1594804393488031772,No
1587189864243818496,Yes
1597572421938290690,Yes
1356347867116544000,No
1585599229602455553,Yes
1413601996205088768,No
1596934082683817984,Yes
1595504770697072645,No
1403433978212896773,No
1381345377467691012,No
1577003927891243009,Yes
1595296036335091714,Yes
1546623270467821569,Yes
1588940966572216321,Yes
1378716087823572996,No
1583846566032420869,Yes
1592951013018767361,Yes
1542769009103339520,Yes
1590385083302969344,Yes
1368496488733675521,No
1596203102818160642,Yes
1435299115676667907,No
1584629969094905856,Yes
1583926453896642560,Yes
1596548511981412352,Yes
1590085886280335361,Yes
1589721304449499138,Yes
1592796002872066048,Yes
1596590662752804865,Yes
1429905195866247177,No
1585639989928656896,Yes
1447492561375952899,No
1436403950287196198,Yes
1402589424068620292,No
1591468614707990528,Yes
1593669381640388608,Yes
1557780240969121792,Yes
1596221066271412225,Yes
1414963458051878912,No
1426130312195543046,Yes
1353816156713398275,No
1597103618154704896,Yes
1592055561994264577,Yes
1587464515666513925,Yes
1597990388551516160,Yes
1554724416541655040,No
1596061241273094144,Yes
1595454391078756355,No
1591693639020957696,Yes
1565946417977368576,Yes
1586792264394842117,Yes
1596445009439764481,No
1584250308732981248,No
1570653844404830209,Yes
1591152952550432769,Yes
1594430923663081472,Yes
1444619632615243777,No
1594030861371990017,Yes
1574982001178071041,Yes
1593093020165214209,Yes
1585480058604601345,Yes
1585288023830401024,Yes
1352224277840490496,No
1594386118144835585,No
1597167370103320576,Yes
1591278956501954561,No
1597691184578670592,Yes
1575977456582152192,Yes
1592264872087425024,Yes
1547504249919111168,Yes
1588237367680405504,Yes
1593309232606199810,Yes
1571488135300763648,Yes
1588513169227464704,Yes
1591515375237492738,No
1595859110599471105,Yes
1586274743157768192,Yes
1550371170834325506,No
1593671346499850246,Yes
1584929602501083137,Yes
1562167682644017153,Yes
1586055298405789698,Yes
1588957420730322944,Yes
1594800199599546368,Yes
1380227209172938754,No
1596184034383745025,Yes
1387481506680033283,No
1590281920847699969,Yes
1585711851798667266,Yes
1590953477508931588,Yes
1592225511237124097,Yes
1383803516452364294,No
1572252504200740866,Yes
1595846396388970496,Yes
1584562008514756608,Yes
1593324794073710597,Yes
1447280496946339849,No
1584206739490361344,Yes
1592100564401356805,Yes
1403433328510967810,No
1572287608197386240,Yes
1425005740020969472,Yes
1409564519744036873,No
1580631692447952896,Yes
1586089054902587392,Yes
1596604785205153792,Yes
1422071812649857028,No
1591916585929039873,Yes
1561372073242533888,Yes
1356734258975551490,Yes
1385314814780653572,No
1597783353629069312,Yes
1585322579300171782,Yes
1592081151170347012,Yes
1362884990221058056,Yes
1563828655645757440,No
1588135060536004617,Yes
1564683063598190594,Yes
1583713005472481281,Yes
1387130453908459530,No
1597994928440635396,No
1593650643041918978,Yes
1583177396219678721,No
1594551344584704001,No
1587404417162158080,Yes
1389201321891348481,Yes
1542944168565243904,Yes
1580264265650679809,Yes
1413352887682572291,No
1578115864951414784,Yes
1374218820445945856,No
1593897148323700737,Yes
1550167848156164097,Yes
1597931400094941186,Yes
1395848159159533572,No
1594010026753941504,Yes
1433877352346488844,No
1591412481561624577,Yes
1357803392123482112,No
1597991203894857729,Yes
1595150834299711488,No
1379883842069270538,No
1578729276488110080,Yes
1593987419996659713,Yes
1365810086506070020,No
1590802455826145291,Yes
1597197255567888384,Yes
1562690643608371202,Yes
1365199549372002307,No
1428127274017206275,No
1568304329722925059,Yes
1561784897123090433,No
1596586599244087296,No
1581016352294592512,Yes
1584599114276569088,Yes
1425621267974078467,No
1355296038035324928,No
1597531194526420992,Yes
1593920635914403840,Yes
1587169579209465856,Yes
1350517304308731910,No
1404783335298191362,No
1575558200622927872,Yes
1587506504202059777,Yes
1560927145030983680,Yes
1594754806014427152,Yes
1560671724332392448,Yes
1400084277014978565,Yes
1578774270679093248,Yes
1565834886891683840,Yes
1443847062773248010,No
1572114761650941955,No
1585909206808334337,Yes
1404330785843331076,No
1597716236372045824,Yes
1571955573004079104,Yes
1409759445807206406,No
1563988514047512581,Yes
1597657825303416832,No
1346378602091143168,No
1579157193277915137,Yes
1596835151182696450,Yes
1370051874645245953,No
1597573066812686336,Yes
1575726158066614272,Yes
1595135530810974208,No
1596597914587254786,Yes
1451576641591943175,No
1363941351285473281,No
1553527473559801856,Yes
1553441063150538754,No
1593308981417631744,Yes
1580620324357697536,Yes
1595479715342696450,No
1582785418784698368,Yes
1585378881661386752,Yes
1595150530900537344,No
1596063554062254080,Yes
1552186248822923265,Yes
1440350513145344000,No
1368890361549062144,No
1597918497916751872,Yes
1595072719565225984,No
1584813008328409089,Yes
1569543908589449216,Yes
1559191811624681475,Yes
1587134777265721344,Yes
1419983394847526921,Yes
1586019337248309248,Yes
1549341532188250112,Yes
1597542237612957696,Yes
1346847006459908102,No
1591893069657681920,Yes
1595123069000904704,Yes
1441106013382344710,Yes
1377304529662795779,No
1585725897906475008,Yes
1597643746262196224,Yes
1369338064091373575,No
1419672582660448259,Yes
1596152071761559554,Yes
1347999411209646085,No
1431203463405395968,No
1591484248388780039,Yes
1594777954873397248,Yes
1591172247246585856,Yes
1359062493667217408,No
1590095424748015616,Yes
1583075367203446785,Yes
1414920749119328259,No
1589816512734728192,No
1596911949043752961,Yes
1417387647882911765,No
1596945783236231168,No
1593849586686521344,Yes
1579073322301935616,Yes
1592826790065889281,Yes
1589976744593063937,Yes
1577440579923116032,Yes
1412416709798072321,No
1440305489363959817,No
1414930645579714562,No
1587383122152361984,Yes
1583165200899133441,Yes
1594372213909569536,Yes
1597666360188112896,Yes
1597171722696163328,No
1598004414199259137,Yes
1594158854752722945,No
1396393550359764992,No
1590219283174658048,Yes
1346457142988058626,Yes
1439805797593194498,No
1547901486058786816,Yes
1379865207594491909,Yes
1577638978030895104,Yes
1584817785942601729,Yes
1355984728487243778,No
1596807334243991552,Yes
1586765880012193795,Yes
1417578754629455874,No
1596177811303059456,Yes
1557609913093849089,Yes
1583895989793931264,Yes
1584925089845641216,Yes
1347560853516771331,No
1597995937908936705,Yes
1589629025810780162,Yes
1443114092210892803,Yes
1586026375747555329,Yes
1594978249599336450,Yes
1588247006962556928,Yes
1591020172978327555,Yes
1359570975830990854,Yes
1391917193282134019,No
1557798515585294337,Yes
1573961855822872578,Yes
1578495486259912704,Yes
1597627204778614784,No
1597555226914934784,No
1571727777417818113,Yes
1593369608798584835,No
1384531545294245889,No
1586451598267383808,Yes
1588481525267546116,Yes
1595396796376915971,Yes
1575206404016644096,Yes
1595155951031848960,Yes
1363922078022434819,No
1595156987117187074,Yes
1355060549663518722,No
1448516934597758977,No
1594428355100581888,Yes
1587796522455924737,Yes
1585645799265796100,Yes
1596894353515216896,Yes
1584621685340266497,No
1594367319001763846,Yes
1594286922574495745,Yes
1586350423685812225,No
1594327784519786496,Yes
1595759901149732864,Yes
1588600414387466242,Yes
1591187173344415744,No
1542881845834022914,Yes
1396797752504471553,No
1554875654847479808,Yes
1595661546306387968,Yes
1597568779684237312,Yes
1597999115379802112,Yes
1589079312262922240,No
1595478193837903872,Yes
1586430134051295232,Yes
1391828481667960836,No
1359465448815943680,No
1571998264009842693,Yes
1592931800938319872,Yes
1588272460218368000,No
1388634958697308166,No
1596910315329179650,Yes
1579043480105803776,Yes
1591363305762865154,Yes
1581011663918366720,Yes
1592421516469501953,Yes
1437680953967665160,No
1575224870161420290,Yes
1586668107904548865,Yes
1394025183355326464,Yes
1593533787081789442,Yes
1597616029701505024,Yes
1596356027129401344,Yes
1565929924749312003,Yes
1361768590211493896,No
1377295029539119106,No
1586037535570292737,Yes
1588195519930712065,Yes
1417952709135806468,No
1587145958483234818,Yes
1588960978288664578,Yes
1589499011722903552,Yes
1394723111774400518,No
1563633285208707073,Yes
1435529414868180996,No
1583820579898941441,Yes
1595302454417293313,No
1584101302665371648,Yes
1568528994168967168,Yes
1588517195025641473,Yes
1594988497986789376,Yes
1414671802501148675,No
1589523715691540480,Yes
1585671669963800579,Yes
1589701301046153216,Yes
1591065151980982272,Yes
1595376013806108676,No
1588829831147372544,Yes
1562495095915827202,Yes
1543253797765582849,Yes
1596217811034320896,Yes
1546495663080460296,Yes
1568129078141636609,Yes
1594304715789144064,Yes
1401784641963577347,Yes
1583175628752588800,Yes
1595489338414055443,Yes
1436644137114157065,No
1597978757457154051,Yes
1586725481478594569,Yes
1586006888444882944,Yes
1553427775847075841,Yes
1354422531839586304,No
1579489442771140608,Yes
1577215086036672513,Yes
1589942383273467904,Yes
1590009944497348609,Yes
1595333763130687489,Yes
1586314086156886016,No
1597689310114828288,Yes
1359942666239246336,No
1589299706236375040,Yes
1427535295394820108,No
1347957743710306305,Yes
1386618461938405380,No
1591082087603380224,Yes
1352052654898249728,No
1596266665444081665,Yes
1393536214758793225,No
1592597151762227204,Yes
1589522027580649472,Yes
1397298649298788360,No
1385511241997750273,No
1584848096743239680,Yes
1596051354963042304,Yes
1597169690534891523,Yes
1597326252029136896,No
1380601945061269506,No
1597534265834876931,Yes
1583408415111405568,Yes
1597148689486659584,Yes
1594686305115729920,Yes
1439289433501601799,No
1588838410416197632,Yes
1585540437665783809,Yes
1591131468234780672,Yes
1452377567005118469,No
1563096719708999680,Yes
1563456963098206208,No
1387516366782091266,No
1596970038082572288,Yes
1590376888169422848,Yes
1350167692314075148,No
1597692672961318917,Yes
1576537106809114624,Yes
1548763802707050498,No
1597881361716871168,Yes
1565019321176293378,Yes
1430237381798531084,No
1592051099183316993,No
1597974495805202439,Yes
1438090060939804678,No
1588858545092845570,Yes
1588818771602337793,Yes
1428434544554876928,No
1596445683514757120,Yes
1557357972724015105,Yes
1594679019500638208,Yes
1543264768529661953,Yes
1577973147348893698,Yes
1589371630249160705,Yes
1399271971200942080,No
1567490366252765186,Yes
1597751129768873985,Yes
1592952235377377280,Yes
1441472337187061763,No
1594384888441995268,No
1595096450157129729,Yes
1589936496970444801,Yes
1406757081219272706,No
1454009185268547586,No
1436220354708578307,Yes
1387833715355697156,No
1428105311383015432,No
1590623636989566978,Yes
1594357897848270848,Yes
1586688548031397889,Yes
1594380394878599169,Yes
1384524009388261378,No
1374746793590788099,No
1549382701613989888,Yes
1595104589929484291,Yes
1596502358200291329,Yes
1598047568185167872,Yes
1586393621867089922,Yes
1421460684068564992,No
1374410835263594501,Yes
1572590654328344579,Yes
1584013435523977217,Yes
1595159987604836353,Yes
1594628251254927360,Yes
1450534618764091398,No
1570719778981154818,Yes
1591013105563471872,Yes
1587176140673794048,Yes
1583096364929425408,Yes
1590014310998155264,Yes
1367079937216233475,Yes
1587811264969023490,Yes
1586095145098715137,Yes
1583850849356615680,Yes
1595529339226972189,Yes
1440698166404280329,No
1549448213232586753,Yes
1372628041755676673,Yes
1589332189338271744,No
1597967780942577666,Yes
1595820610600550402,Yes
1585226779815342080,No
1586762920884666374,Yes
1346744256514416640,No
1592915433417736192,Yes
1566522408470814720,Yes
1391786642193764362,No
1595801170689380354,Yes
1546036751302631424,Yes
1593333087261413376,Yes
1591505135725080577,Yes
1597996449052360704,Yes
1596231112090869760,Yes
1595479479463428114,No
1361390861263794180,Yes
1597161749668827137,Yes
1585730996145901569,Yes
1438607158623490048,No
1446933362514464777,No
1552000764943499267,Yes
1590030969507282944,Yes
1429139522319757314,No
1381175276244242432,Yes
1549352304880631810,Yes
1588928022471921664,Yes
1366324264555716608,No
1588581363028226048,No
1547151937086308353,Yes
1408529921694121988,Yes
1542857731576659970,No
1595080007893897216,Yes
1345305899636817920,No
1583900832424071168,Yes
1382594249959600128,No
1598057560292364288,Yes
1594396214870814721,Yes
1559612035842834435,Yes
1543650634519482369,Yes
1587683832047833088,Yes
1573765005350166530,No
1596961390975012864,Yes
1596942979201396736,Yes
1595057363131797508,No
1395093951556825088,No
1587167656444051456,Yes
1585003790612467712,Yes
1357768073122623493,No
1586380282935971841,Yes
1571966022399283201,Yes
1557018407589011456,Yes
1405615088837484546,No
1583580160376250368,Yes
1367264445471293447,No
1392935608855695360,No
1438522495779311622,No
1352614090154209283,No
1596152636985999360,Yes
1590739728260747264,Yes
1423600639813296128,No
1596219898614661122,Yes
1377651250104270848,No
1597623728015564801,Yes
1596226361299030016,Yes
1585333614304145408,Yes
1585206845081538561,Yes
1589951849180073984,Yes
1588226879265583104,Yes
1568802124565299200,Yes
1572271660203393025,Yes
1584946471345930240,Yes
1586401596921024512,Yes
1447237695781154817,No
1374093407845380098,No
1590331229265461248,Yes
1597596319484641280,Yes
1550760526258503682,Yes
1587520434270076928,Yes
1593680791988494336,Yes
1597639562867933189,Yes
1588503019049857024,Yes
1590053495084027906,No
1591731030649618435,Yes
1545233255770759168,Yes
1587494798444957699,Yes
1582452386697646081,Yes
1594749610676948992,Yes
1590704529414103042,No
1421115690434670596,No
1595671298105040898,Yes
1578772607729483778,Yes
1564682306744377344,No
1586416338838425600,Yes
1560221134297223168,Yes
1588624398806024192,Yes
1594966351956922368,Yes
1595025565735874561,Yes
1402035398868668419,No
1577591132573372418,No
1550124599131533314,Yes
1584652740655206400,Yes
1595155971978170368,Yes
1401104468041777152,No
1589543438130630656,No
1565023334001246208,Yes
1357348290019217411,No
1396554937144946702,No
1597273229651226624,Yes
1589380745373831168,Yes
1570309831294173185,No
1432970760218464259,No
1593524209107468288,Yes
1545100078267990022,Yes
1589687910848401408,Yes
1584920870845308931,Yes
1564665381662461953,Yes
1592635168665501696,Yes
1557300583157186560,Yes
1349264412020977664,No
1596749145972572160,Yes
1589536682042601472,Yes
1557054407308615684,Yes
1594745871807168512,Yes
1407322696963215366,No
1441193421863936002,No
1579497240745644033,Yes
1398159601091198977,No
1578432870321831938,Yes
1592568682689204226,Yes
1352904385056141312,No
1591436415900225542,Yes
1544687925266464770,Yes
1381899122484072450,No
1596799979246714881,No
1585014388116885504,Yes
1589250643910615040,Yes
1590080806092886017,Yes
1399438872208195586,No
1592236310084845569,Yes
1546236021104431105,Yes
1544614183576244225,No
1384097274591027222,No
1435619807966089222,No
1594405835639250945,Yes
1584959998555148288,Yes
1561342582482997251,No
1351169469100535814,No
1587763493750673408,Yes
1586030291423875073,No
1586823674014978054,Yes
1591788057573076992,Yes
1596138464612843520,Yes
1432315193032327171,No
1595801075403079681,Yes
1592856264811327491,Yes
1586049165859045376,Yes
1415741107573493760,No
1562816870972960775,Yes
1594672057031483393,Yes
1591417500469964801,Yes
1584402012887691265,Yes
1452733674743533573,No
1590093320990371840,Yes
1360956288608464896,Yes
1585904991507619841,No
1597970709103271936,Yes
1548903446857846784,Yes
1370498935878475777,No
1543621591329800192,Yes
1356718140718219273,No
1595114898740350977,Yes
1594411720361275392,Yes
1357610094696034305,No
1373689884741926919,No
1353247499696402433,No
1562040771506757634,Yes
1397627642560581634,No
1566155218173263881,Yes
1584803507265499136,Yes
1596525795304157184,No
1428101912323411972,No
1561777529517637634,Yes
1569795131716341760,No
1594768361799700480,No
1360188648340258818,No
1572722115744260097,Yes
1588619895800881152,Yes
1597317702540226561,Yes
1583080672813383680,Yes
1543486364985004067,Yes
1586085876777353216,Yes
1378296187661471745,No
1597689354868113408,Yes
1597253704868331520,Yes
1437127676196757507,No
1588946225528975361,Yes
1381367461342232576,No
1397946576987897861,No
1595097546669580289,Yes
1582658433433497600,Yes
1564284379303739394,Yes
1405619849368330240,Yes
1364630659126411271,Yes
1368963119297552385,No
1346021803588788224,Yes
1595537988154433541,Yes
1583891526689513472,Yes
1597622153683554304,Yes
1592919353510760453,Yes
1596883766399537152,Yes
1596425380650704896,Yes
1584615925730672640,Yes
1596843802014011392,No
1595345984791404544,Yes
1597535332299599875,No
1594950326045806592,Yes
1591738048643059712,Yes
1598000583461699586,No
1596147379656306690,No
1592544848216985601,Yes
1594792985811722240,Yes
1421499404234670085,Yes
1442793594981605376,No
1588303891204112384,No
1589327284884111360,Yes
1589315227329626112,Yes
1409973757557592064,No
1583160056006131712,Yes
1597327639584202752,Yes
1371556543892717568,No
1583497267629395969,Yes
1583097774928990208,Yes
1435994776227221507,Yes
1355201424590827521,No
1354834701505212418,Yes
1589006201261416448,Yes
1596496692420935683,Yes
1581376308931485696,No
1593628399955808256,Yes
1400519061495238657,No
1590847795573190657,No
1412110684565946368,No
1592925622086799360,Yes
1597147910184968192,Yes
1595107568984412161,Yes
1592568948322873344,Yes
1590667532306116608,Yes
1432242290559434755,No
1586625174341910528,Yes
1420519592145870849,No
1361186105413029891,No
1454760022714601473,Yes
1555822025960210432,Yes
1411583359902490627,No
1586125095491223552,Yes
1372579102205562883,Yes
1575817968579407874,Yes
1439698228824399877,No
1409940819675684867,No
1588957357945786369,Yes
1560316245848760323,Yes
1592504280749309952,Yes
1583271624312500224,Yes
1587487115285241859,Yes
1596974038902927363,Yes
1593292404441944064,Yes
1596569670265765889,Yes
1590750140800724992,Yes
1559624271411953668,No
1395090215698632712,No
1364112781717475328,No
1596924388980363264,Yes
1433540715406151682,No
1414227129097613312,No
1585852901062475776,Yes
1557696648977039360,Yes
1595301320721932289,Yes
1598005568907927552,Yes
1563599008030806016,Yes
1558881885660614659,Yes
1593551562751836164,Yes
1446981561379958785,No
1559510000380379136,Yes
1590640469213876225,No
1597135939846819840,No
1596568354818506754,No
1451353437111730180,Yes
1566483949676908545,Yes
1439648212567080960,No
1428314122295422989,No
1595479944121008145,Yes
1386277320705646593,No
1360115650665058306,No
1590611278384758785,Yes
1587766135205904384,Yes
1560716128497946625,Yes
1433156475610968067,No
1591509855386337284,Yes
1407632787734212608,No
1596902479429398529,Yes
1583885746758250497,No
1592802710679523328,Yes
1450905565975269377,No
1596235443309547520,Yes
1577593282493816832,Yes
1578608572254285824,No
1594906721197199360,Yes
1559996998849265670,Yes
1596185409180106753,Yes
1596973306900422656,Yes
1587609995499151362,Yes
1584407892798885888,Yes
1594308221799391232,Yes
1590571009455042561,No
1426196866987958278,No
1548660540469219329,Yes
1452632390271111178,Yes
1573545474254114817,Yes
1596815632611561472,Yes
1592581874559250432,Yes
1588223096292605954,Yes
1444735339604717579,No
1542781286166761472,Yes
1551527290424725504,Yes
1587735162019774467,No
1401179245364191235,No
1594777591432495105,Yes
1595054946487074817,Yes
1446064804783923206,Yes
1578832485831430144,No
1593917461749010432,Yes
1596150736446160896,Yes
1595094629741101056,Yes
1594782995323490335,Yes
1596208552276037632,Yes
1570696927184039936,Yes
1585277377080442881,Yes
1346530848229773312,No
1589898896536281088,Yes
1554798391590359045,Yes
1435235410486206475,No
1589881825941655552,Yes
1430560548295434242,No
1569393051419779072,Yes
1556668638836543488,Yes
1587898098214469642,Yes
1544283931578716162,Yes
1595150735171543040,Yes
1591952671334072321,Yes
1592776381980893185,Yes
1586860949142650880,Yes
1596371556988751872,No
1584609808459698199,Yes
1582802981354762240,Yes
1386927442468683777,No
1590011034907348992,Yes
1349674699677118465,No
1555118940644413440,Yes
1381662946254843904,No
1584143448331804672,Yes
1396956431010648066,No
1596861438890770434,No
1596913711985217536,Yes
1399054403827601417,No
1449736778685063171,No
1583744900352598016,Yes
1583703155321147394,Yes
1596531665824018434,Yes
1440762661390585858,No
1595124691098034176,Yes
1374726342546235394,No
1596904151354527744,Yes
1590296899713581056,Yes
1587143952188203008,Yes
1575088841597526016,Yes
1587056671255404545,Yes
1346890352481984514,No
1593673752717545480,Yes
1403842505507024897,Yes
1554772404349669377,Yes
1590775800869314560,No
1557601118024253440,Yes
1542906590021419008,Yes
1594441288018845696,Yes
1583454345101684737,Yes
1438479080547135499,No
1585712278115999744,Yes
1593982145437093890,Yes
1397158267630100487,No
1586054140773351424,Yes
1431764243527962629,No
1590084728115277825,Yes
1565040581688139776,Yes
1592483739015446528,Yes
1567180618772905985,Yes
1355274214639624195,No
1584601612315607040,Yes
1593323496930791425,Yes
1574174706273554439,Yes
1584776343015034881,Yes
1585161327395635200,Yes
1595052605168046081,Yes
1589254969454362625,Yes
1358118234185216002,No
1597325548501417984,Yes
1452244199064195077,No
1385281977994162182,No
1596168877167214592,No
1598016472798105600,No
1351413903486574593,No
1594426708047831040,Yes
1373274482127814664,No
1449311216233484288,No
1592398945325527040,No
1592982938928689153,Yes
1418967250053304323,No
1388082605355061248,No
1594267221265620994,Yes
1590472977019473920,No
1398320442142867459,Yes
1383790051474083851,No
1381670073249763336,No
1594780754973986816,Yes
1356659794170552320,No
1584138114645516288,Yes
1585672067877322753,Yes
1445848838401445893,No
1588905175472738306,No
1588747128448626689,Yes
1355298891416133637,No
1589373178467745792,Yes
1596201654067535876,Yes
1588213460629872642,Yes
1587393616414212096,Yes
1588964087345868801,No
1596907007730073602,No
1563007513192124416,No
1387409964424105986,No
1584929796295131136,Yes
1593325669701804032,Yes
1585948194222981120,Yes
1401853007478788097,No
1590103989659762688,Yes
1591987643138867201,Yes
1595490856500400128,Yes
1594308047542931456,Yes
1595532727511572481,Yes
1585207529407008768,Yes
1418502592037072901,No
1407425310631604227,No
1579358743435042816,Yes
1585024920006070273,Yes
1428217979192365058,No
1567733674442981376,Yes
1570401498852622338,Yes
1595490792071696392,No
1369887723830534146,Yes
1595832032269049858,Yes
1584143198490099713,Yes
1598019610523357185,Yes
1597615400233017344,Yes
1584977195033772032,Yes
1585601048667906048,No
1585133612097490944,Yes
1419589342507438084,No
1361742058738843648,No
1587566250187788289,Yes
1595641252451700736,Yes
1597631718479261696,Yes
1382708109806866439,No
1596166860604522496,No
1588176332088758272,Yes
1591551980769771521,Yes
1591132935045906452,Yes
1585217560043171840,Yes
1583935844603154435,Yes
1589650934992289793,Yes
1590270655395942402,No
1595323383834906624,Yes
1452728102199730186,No
1597511502357237760,No
1583802445867536384,Yes
1369517303470120963,No
1598019748507578368,Yes
1585204799582384129,Yes
1596584732439240705,Yes
1564054308089483264,Yes
1587454778807836672,No
1590063933087707136,Yes
1585353066970492929,Yes
1591152942412927006,Yes
1585675999047565315,Yes
1597968736019189761,Yes
1563495492717522950,Yes
1595170053892280325,Yes
1442916508624060418,No
1365312218863173633,No
1571429074169364480,Yes
1370744197360259078,Yes
1392543387748868096,Yes
1568872330495148035,No
1569423799254122496,Yes
1425735663832403971,No
1558657601814106118,Yes
1596955296793972740,Yes
1447296246994153479,No
1400098572054548484,No
1567917571843956737,Yes
1446547887937183751,No
1568606060344184833,Yes
1351516159762378753,Yes
1572297172187746304,Yes
1589218677014294528,Yes
1554872698819514368,Yes
1570124010284879872,Yes
1594436759638654978,Yes
1552255689518718976,No
1421588625037438977,No
1353110514994442240,No
1418517643292778498,No
1569349110028713984,Yes
1595840173354455043,Yes
1583750321150783489,Yes
1598023396767371266,No
1592493495713148929,Yes
1373245913041362944,Yes
1586019324698906625,Yes
1379055265677467648,No
1597335774382280704,Yes
1595416266541600768,Yes
1595086729748398081,Yes
1564590383258034178,No
1375337762212225025,No
1596960716778795008,No
1592770076520112128,Yes
1594771717372932096,Yes
1366080170336083968,No
1416126471421181952,No
1580816903471173634,Yes
1552298541724405762,Yes
1583439341535494145,Yes
1592538478398828545,Yes
1584900511060398081,Yes
1556377183966347265,Yes
1574449177366597635,Yes
1596892976571351040,Yes
1593964286224785408,Yes
1433331763967938562,No
1375829642058330118,No
1553022238378557441,Yes
1593167581049155584,Yes
1593291140442243074,Yes
1577082539722018819,Yes
1355241931903803393,No
1597981475173203969,Yes
1585276881204551686,Yes
1364140050984931329,No
1596517256972087297,Yes
1592228831850811394,Yes
1591807660394962951,Yes
1593645266728632321,Yes
1392568590080040964,Yes
1585710728698245121,Yes
1593499751546339331,No
1388208419392397313,Yes
1588942165593706496,No
1454821419347492865,No
1590079187997843456,Yes
1597246060338237440,Yes
1597652712346509312,Yes
1588283007601086464,Yes
1588221080036155392,Yes
1585581040608870400,Yes
1595136858211729419,No
1596202354868916227,Yes
1587339467723087872,No
1587893264065200130,Yes
1582883941371252739,Yes
1547986405166526464,Yes
1552560240964653057,No
1449803466013122560,Yes
1399094667493482501,Yes
1589672293214859265,No
1596012679151616000,No
1596817013405814784,Yes
1595733269110484992,Yes
1588140055188709376,Yes
1597623708214235137,Yes
1377557929373630464,No
1373219725505859584,Yes
1586457799525281793,Yes
1429475680241209348,No
1595070827867049984,Yes
1592601019711557632,Yes
1590028443861024768,Yes
1593546105563791362,Yes
1446986802552877059,No
1589363717476478982,Yes
1563579710009122820,Yes
1591181994482102272,Yes
1596865928062717952,No
1589375352224501760,Yes
1446091371513851905,No
1588713827696201728,Yes
1354442784481173508,No
1557645097595977728,Yes
1568893217550000129,Yes
1583125566211108864,Yes
1586124878037585922,Yes
1379008574274293765,No
1413055263620411397,No
1594399755194466306,Yes
1566392230167957505,Yes
1585715919149535232,Yes
1594972352995287041,Yes
1403437219998732295,No
1546884820952879104,Yes
1591839317751697408,Yes
1572288481313067009,Yes
1584887301787635712,Yes
1597335290808791040,Yes
1390005806582611974,Yes
1597323904585846785,Yes
1588964393035124737,No
1360680675012141056,Yes
1588128825707270146,No
1430580860907048964,No
1393975756431273985,No
1584982294682542081,Yes
1595478049713184768,Yes
1595637218995015680,Yes
1585347208215678976,Yes
1594772694574284800,Yes
1597987119318065152,Yes
1594422934214696960,No
1549091054913261579,Yes
1595088792503070720,Yes
1596575653046157312,Yes
1422668668379488260,No
1362741944749879309,No
1381290161145798658,Yes
1590421174831706112,Yes
1419046499334250500,No
1595007533449715820,Yes
1587409632489865216,Yes
1595815590760939526,Yes
1353812109608558594,No
1360665485755441154,No
1596871874423754752,Yes
1586739682142035969,No
1353403224980652033,No
1583570590421504001,Yes
1590591550329081858,Yes
1568005735887290368,Yes
1593332988959510529,Yes
1356252819158872066,No
1597931599609606145,Yes
1583161403774406657,No
1420652279783362562,No
1588514321839329280,Yes
1598057943706251264,Yes
1596578328265297928,Yes
1597204235212697601,No
1596198359504936960,Yes
1589151220664766465,No
1559988917859934208,Yes
1593297436415516677,Yes
1594415177843236864,Yes
1597322448189284352,Yes
1590984295182929920,Yes
1596090954049818624,Yes
1591362667889016833,Yes
1592569662738698241,Yes
1411636104953012226,No
1591680186050924544,Yes
1583119657300414464,Yes
1347321940080545792,No
1393529172086173696,No
1393147645603024896,Yes
1388948523614416896,No
1586375690122772480,Yes
1594804828949061638,Yes
1597469090582790144,Yes
1588254441500979200,Yes
1597694275864920064,Yes
1593733663212142592,Yes
1592138417848164352,Yes
1386234834108956674,No
1583389546250543104,Yes
1387469054206693378,No
1401174996127518721,No
1578742136849113089,No
1583483038121758721,Yes
1351901224564568064,No
1594771133986922496,Yes
1588731535683112961,Yes
1587486504984760321,Yes
1596615973339267072,Yes
1589264502771499008,Yes
1568150690815479808,Yes
1388568556183379974,No
1585955683513798656,Yes
1585192670015938561,Yes
1436328786719563779,Yes
1594800444727074816,Yes
1356386732384669699,No
1549343544585904136,Yes
1384264524132356104,No
1593580339775037441,Yes
1409922332454440961,No
1588635440357445632,Yes
1590760306770411522,Yes
1370759765375213572,No
1597817699396206592,Yes
1594403343572652033,No
1585913580062326784,Yes
1586400713977962496,Yes
1586012146864779264,Yes
1374099668666290177,No
1595532326762602510,Yes
1377297571719344129,No
1445058093398872089,No
1380858108390555648,No
1584189867969327104,Yes
1585056771709685761,Yes
1597535199411437568,Yes
1593521475289481216,Yes
1366850198832615429,No
1573073831572512769,Yes
1562776913059278848,Yes
1554866254527307777,Yes
1441761074773176321,Yes
1432941225208950785,No
1398945159421759490,No
1401807863329308672,Yes
1554804922570493952,Yes
1570530069201682438,Yes
1558098172353847296,No
1549040779640729601,Yes
1596543229012353024,Yes
1347967474927505408,No
1585358257237135361,Yes
1546933906800349184,Yes
1353730376892608516,No
1363888911144075266,No
1596481890248458240,Yes
1355263127408017410,Yes
1597521693454794752,No
1429750427323670532,Yes
1590759352704847872,Yes
1595148554162810881,Yes
1580276740752310272,Yes
1596787468850036736,Yes
1443683771392438284,No
1585326181112770560,Yes
1592467645882077184,Yes
1596874680509509632,Yes
1584159886685794304,Yes
1385941261341822980,No
1590779051727532033,No
1448975067921145860,No
1405559258456932353,Yes
1596928815095484417,No
1595478503927037972,Yes
1594645243789545473,No
1583455463903219713,Yes
1597239219633913859,No
1590396448902090752,Yes
1569613049945890819,Yes
1550428491304296448,Yes
1587583964088307718,Yes
1571965127792140291,Yes
1596877557085134849,Yes
1449332797169184769,No
1595279968942100480,No
1593314149064491009,Yes
1595823901195509763,No
1596225657637195776,No
1584658813000749056,Yes
1374443364192423938,No
1589517781112090624,Yes
1591493095602126848,Yes
1596538518171684865,Yes
1376169082903527429,No
1422866943187488769,No
1439559013147058176,No
1415044407275966470,No
1588261454964146176,No
1389964665485242369,No
1594010766818017281,Yes
1597310698530693120,Yes
1590409709169045504,No
1382853161405329411,No
1589316759403651073,Yes
1397599486168469514,Yes
1350843641317765124,No
1590728641625067520,Yes
1380644147309256705,No
1584989906539286528,Yes
1585585446939250688,Yes
1595747017355137024,Yes
1588659430114983937,Yes
1547233474830016512,No
1586030181533507585,Yes
1356345879880478721,No
1595506131908050945,Yes
1584234370604273664,Yes
1585177021373874176,Yes
1588203536122363904,Yes
1596539500909547520,Yes
1594361618984484867,Yes
1587453026712932352,Yes
1585736295221170177,Yes
1596425654106456066,Yes
1352988476237623297,No
1346185460717129729,No
1371161226114428928,No
1596800376363106306,Yes
1555555730710827010,Yes
1583500863515287553,No
1422907145620647944,No
1408411292906438664,No
1384493414872408066,No
1564982876457865216,Yes
1407919801876557825,No
1586023588557393920,Yes
1593565818608123904,Yes
1594257648622387201,Yes
1586798505049444354,Yes
1400379086686494725,No
1585140972471873537,Yes
1346113711673651200,No
1355507423797239808,Yes
1373054349539213315,No
1586739000873738251,Yes
1388075181437079554,Yes
1586283669425393664,Yes
1587810867898458114,No
1596128036268785670,Yes
1596822561115054081,No
1567931559210090496,Yes
1594287589405720576,No
1585574201511104512,Yes
1575549902121095168,No
1579058679684268032,Yes
1596230488146219009,Yes
1451143702190215178,No
1584235868490911744,Yes
1596631539365957632,Yes
1596211484769517568,Yes
1594737203946684427,No
1555763816801226752,Yes
1592228132723228672,Yes
1583451251076780032,Yes
1437846103026769921,No
1595473211604574208,No
1453842950727901184,No
1449752994308788232,No
1432031949586059267,No
1557700354489327616,No
1544720398805245953,Yes
1594295373010391040,Yes
1593590354137288704,Yes
1347808774204116992,Yes
1419008094600892418,No
1585230512188141568,Yes
1595473287018168326,Yes
1574096369521917953,Yes
1554459334972694529,Yes
1597978683754827777,Yes
1451168182253805573,No
1566003075592101889,Yes
1544752915457474560,Yes
1589397121085894656,Yes
1434895678606659587,No
1597896155886915586,Yes
1595740610727657474,No
1363411231516880896,No
1595102156889419776,Yes
1590208936505856000,Yes
1543164052284768257,Yes
1577379205532291104,Yes
1585582941241069568,Yes
1591481036936212481,Yes
1586427913200865283,Yes
1596531446881325056,Yes
1597600864906391554,Yes
1595366246127702021,Yes
1586044640700280833,No
1595156053196693504,Yes
1590265754427228163,Yes
1450842497048055811,No
1589288477816160256,Yes
1585380372552232960,Yes
1594789396615667724,No
1548297366465171460,Yes
1597337999544844288,Yes
1368851426651353088,Yes
1365226018777272322,Yes
1594432024613470209,Yes
1582814760072249344,Yes
1392459937490612231,No
1565798698029924353,No
1592810965921198081,Yes
1544653845191659521,No
1585570771623108610,Yes
1576073423167852545,Yes
1597994118432423941,No
1562711202111037442,Yes
1585874326536036352,Yes
1559116886247456772,Yes
1546830493282361344,Yes
1393635004463341570,No
1587167489674383374,Yes
1382799120721666049,Yes
1588164840056623104,Yes
1590028182299693056,Yes
1385938318613962752,No
1588157360295616513,Yes
1595706994689728513,Yes
1577724151506374695,Yes
1589221817557753856,Yes
1584763468233986048,Yes
1570266170095173633,Yes
1454452530302357515,Yes
1354743199802265603,No
1584609927024476161,Yes
1583419195592957952,No
1586369855854628865,No
1593275541104300034,No
1381924685932326919,No
1375057358720745472,No
1546510216367308802,No
1395787056941502465,No
1582712355149910016,Yes
1378816876952829954,No
1597980527587643393,Yes
1591047128260182018,Yes
1596946928503492608,Yes
1366047215681232896,No
1562404701995507713,No
1587941099032567809,Yes
1590578686402494464,Yes
1593300611008708608,Yes
1577238776342253568,Yes
1587877509244272640,Yes
1362815475516928003,Yes
1586757092584706049,Yes
1583484931354726400,Yes
1595474256359571471,Yes
1354069818572480515,No
1597582515401035776,Yes
1597319426940219392,Yes
1584335741332893696,Yes
1371802080957116416,No
1589680036529176576,Yes
1592563280471818242,Yes
1586457833427546112,Yes
1587821757955809281,Yes
1546091151811387392,No
1348212035587362816,No
1586999488257859590,Yes
1594898880570658816,Yes
1595107971981512704,No
1583712778619322368,Yes
1590069868145291264,Yes
1364135169624596480,No
1557448996515418112,Yes
1591843670919086080,Yes
1583718096535109632,Yes
1595151127640567809,Yes
1586037812662796288,Yes
1594397650899832832,Yes
1593374849937858560,Yes
1563885599584653314,Yes
1564955095904784386,Yes
1450085543480594435,No
1592464816723333120,Yes
1588265493605093376,Yes
1573358706003431424,Yes
1356352687235866625,No
1595521343587508236,Yes
1583889268635598848,Yes
1562813470017748998,Yes
1578824972209774593,Yes
1403316557414125570,No
1554856903167057922,Yes
1581040143246368768,No
1597327136557527040,Yes
1590821684571168770,Yes
1371550772928913413,No
1577560290664873984,Yes
1584480779622838272,Yes
1584832389133799426,Yes
1594334776961687552,Yes
1580765705200226304,Yes
1596914859148742657,No
1359981030288068616,Yes
1584625495928233984,Yes
1425882568096993284,Yes
1446568859474014208,No
1593270689133461506,Yes
1556709439587106828,Yes
1430939953316483073,No
1395894765443555335,No
1351617690461462540,No
1448360312990744576,Yes
1367451882218782720,No
1595689377958866945,No
1559515904597270528,Yes
1588643166298808324,Yes
1591376834226139136,Yes
1362456998403596288,Yes
1422843209722511361,No
1573282047094931456,Yes
1595903233163431936,No
1544765174703349761,Yes
1361730686319800321,Yes
1401483410019860480,No
1592686851722448896,Yes
1588615898348146688,No
1423191133123919873,No
1345415743417053190,No
1593922993880981504,Yes
1573784109985529863,Yes
1587735615268962304,Yes
1591476058800676864,Yes
1357769653142106117,Yes
1596624548627386368,Yes
1594338483593940993,No
1595658321205383168,Yes
1597131346115428354,Yes
1594297757149560832,Yes
1585598542353137664,No
1404532961794572290,No
1598014811509776385,Yes
1597899294065188866,Yes
1597486087894884353,No
1597707265620185089,Yes
1595090310463381505,Yes
1583722503955881986,No
1594298812910239745,Yes
1397953932987617281,Yes
1411434863488606212,Yes
1597325401378131970,No
1563850513233371136,Yes
1584994023801950208,Yes
1409233514072100873,No
1393461942426165252,No
1424855731992412166,No
1567590004255236099,Yes
1413454200659316744,Yes
1575918662149894144,Yes
1588643998687707143,Yes
1587844601775357958,Yes
1451514214833606659,No
1551306406829096961,Yes
1584898693794332672,Yes
1587377678746796034,Yes
1588622810502819841,Yes
1579403044411699200,Yes
1595465954527428608,No
1451110101616664577,No
1429916468905496586,No
1353356939137343488,No
1407333704062705675,No
1580593332082077696,Yes
1584234142103134208,No
1593801009523990528,Yes
1567051430992744450,No
1595370017738178567,Yes
1441337400970469381,No
1364267770897121280,Yes
1595098973760794626,Yes
1585642761708982272,Yes
1597904757238046726,Yes
1597874616894357504,Yes
1597524893410947072,No
1591040072153169921,Yes
1584939904504541184,Yes
1590082093677432832,No
1584137538091896834,Yes
1595102101214040066,No
1596336175228272640,No
1596220990853648384,Yes
1593532987680997378,Yes
1583988570951659520,Yes
1425581497990459395,No
1590793558335705088,Yes
1585691844985356300,Yes
1577003185759473664,Yes
1416121991917096961,No
1583544218735165440,Yes
1585334930464468992,No
1577026985833877504,Yes
1591055522912169985,Yes
1595708563833618439,Yes
1594425891488399361,Yes
1585516189404520448,Yes
1548571285625507841,No
1567567124914216963,No
1568960749506101248,Yes
1592801151619334144,Yes
1583515159519109120,Yes
1593894322394497029,No
1591589250092658688,Yes
1597491352731721728,Yes
1596483333571375104,Yes
1576323230016876545,No
1566102074055589888,Yes
1544216447332876288,No
1597583154831052801,Yes
1556530344043712513,No
1597460720475832320,Yes
1561780462019911680,Yes
1596838419279192065,Yes
1586313210092978178,Yes
1593352088976850957,No
1373067892527411207,Yes
1366444033321676803,Yes
1589981586899886080,Yes
1433474187839016961,No
1594036880789602306,Yes
1597647208978927616,Yes
1587077263501262848,No
1595485922245615616,No
1585706606720794624,Yes
1589892388092530689,Yes
1588210793841147911,Yes
1397549441855496201,No
1346187044054249472,No
1413124981781942273,No
1596569743305342977,Yes
1589726576031465473,Yes
1586659204433149954,Yes
1596846120747302918,Yes
1426928892590370822,No
1583944606345199616,Yes
1587398264080547840,No
1593535266525954048,Yes
1449389240333242368,No
1357786767978618880,No
1590673345485410306,No
1590421947955183616,Yes
1583931350843019265,Yes
1594815077542158337,Yes
1567537573983035394,Yes
1596929848131588097,Yes
1589903789271961606,Yes
1362931245865463812,No
1587135435096064000,Yes
1351141530849988609,No
1375056055105904646,No
1444943470217498627,No
1429122912045441027,No
1588117660226785280,Yes
1588083909371240449,Yes
1590326182205181959,Yes
1596520120834220032,Yes
1389258052788948995,No
1587791602550022144,Yes
1558254420596490241,Yes
1575139503118983170,Yes
1396161719437828101,No
1596211737195597824,Yes
1405486912186486784,Yes
1594394646838493184,Yes
1591146124714209280,Yes
1590098127759245312,Yes
1349827061553262593,No
1596449931606327296,Yes
1548885506158624775,Yes
1586156744740581376,Yes
1595727076576923648,Yes
1405903720282525702,No
1592893861541871618,Yes
1590348453728899073,Yes
1589250715398328321,Yes
1596853114707259392,Yes
1595814463030317059,Yes
1595101398991077376,Yes
1597982575619846144,Yes
1587895681859346432,Yes
1587920692993220608,Yes
1596108252865236992,Yes
1572522789948751874,Yes
1404512984727273476,Yes
1597142180061405185,Yes
1554772702623399936,Yes
1575573078116950016,Yes
1586092376556273676,Yes
1407774269170503685,No
1583940630283051008,No
1357804869336367104,No
1583929435300204544,Yes
1593572567499120640,No
1554863935928541188,Yes
1596062644561219587,Yes
1586798038940618754,Yes
1578826633196490752,No
1597987060811722752,Yes
1367048410717683713,No
1596890936482856962,Yes
1592052127438110720,No
1591132979149013036,Yes
1586476274251227136,Yes
1595472961494028289,Yes
1594757503698731008,Yes
1594986372028399617,Yes
1581996466578419713,Yes
1559578968411590657,Yes
1373665518771666946,No
1587524726640893952,Yes
1593341160445169671,Yes
1423651189145706497,No
1428247734864289800,No
1597316393078489088,Yes
1374327369901674498,Yes
1590777365738950656,Yes
1595858287118925825,Yes
1590445591775281152,Yes
1596540791916486656,Yes
1589156295143477248,Yes
1597231921133916165,No
1584460699958358016,Yes
1589678144386387968,Yes
1568281777042763776,Yes
1596169259218001922,No
1588191996832800772,Yes
1588100871547748353,Yes
1591153911020544007,Yes
1587692988741914624,Yes
1593202108500946944,Yes
1583575548759928832,Yes
1597660222008758272,Yes
1569034537618784259,Yes
1576470879344939008,Yes
1597647349098377219,Yes
1567923223429275653,Yes
1595462663265554435,Yes
1585340739730276354,Yes
1585202460661948422,Yes
1546109244667301888,Yes
1391136474742022150,No
1448980274734325760,Yes
1555258483276128256,Yes
1346538916371959808,No
1420463835585126400,No
1443514425097523204,No
1596245027537420288,No
1365247210905079811,No
1594212886167146496,Yes
1451910884830420995,No
1418255235076722691,No
1597901010638614529,Yes
1584647608680652800,Yes
1594396384463126528,Yes
1347229014453342216,No
1592220626814930949,Yes
1586205252201873408,No
1578374075642417153,Yes
1595325814488371201,Yes
1553626990384660481,Yes
1423263505822752774,No
1583811669649543168,Yes
1367517804522582016,No
1398649872878821376,Yes
1590408083687501824,Yes
1580405365778223104,No
1586284018848464896,Yes
1596804063580094464,No
1572277661795491840,Yes
1557368160667537408,Yes
1554187479967727616,Yes
1594409305779965953,Yes
1400200435743481857,No
1378729424909127680,No
1584129656470765570,Yes
1430169363198447616,No
1588054995026513922,Yes
1583367015007662080,Yes
1592554786184130560,Yes
1595785789543178240,No
1393689711605075974,No
1595475875671293957,Yes
1543664005809577985,Yes
1596499126623125508,Yes
1589043370705719296,Yes
1594384858511458305,Yes
1587865093219520512,Yes
1590953368138444801,Yes
1596388899777318914,Yes
1438619847651467264,No
1597976548606640129,Yes
1588163317926924292,Yes
1587113229041508352,Yes
1588039761159229441,No
1594365449906835457,Yes
1596875205942530049,No
1597696720783433733,No
1596849484021239809,Yes
1416884746643247107,No
1594077749345341440,Yes
1433399082555482120,Yes
1363940550982959104,No
1574064795501924354,Yes
1432984978493685764,No
1394873889449254912,Yes
1591353748747849728,Yes
1592943748568055810,Yes
1597143191576363009,No
1543165832087355393,Yes
1546434110993960962,Yes
1594783360206966793,Yes
1429157816594534402,No
1585897489135280128,Yes
1596906607971307522,Yes
1585939300059054081,Yes
1585535973646946304,No
1400334776771416064,No
1565403688935587841,Yes
1557629344914325505,Yes
1592797919052464128,Yes
1352778040485552128,No
1370770668460126212,No
1597271558313381890,Yes
1584066866397384704,Yes
1587868346799869952,Yes
1585907446215806977,Yes
1453399500366753802,No
1584807134877061120,Yes
1597944817312419840,No
1362173385460109320,No
1595501503464280077,Yes
1598020535795208192,Yes
1594352795364237314,Yes
1368999573675474944,No
1588033317831692288,Yes
1365579431255891968,No
1452643949773008905,No
1370347338615685124,No
1590667479453683712,No
1589565093888815106,Yes
1583116715256598529,Yes
1365258220105846792,No
1588583484859510784,Yes
1595162657266728961,Yes
1348922793535090690,No
1351997498949296131,No
1576621074657124352,Yes
1349765385969676289,Yes
1577016540225937409,No
1584217383761481729,Yes
1586325760066965506,Yes
1595466988830195715,No
1593265112617566209,Yes
1450852678314102795,Yes
1583084704223596548,Yes
1595016074986143745,Yes
1596115841007091718,Yes
1588877440322969600,Yes
1574103869642215428,Yes
1589018007309025280,Yes
1553812396086624256,Yes
1595367954312577024,No
1587724038964641798,Yes
1593676783878012928,Yes
1594937042852806658,Yes
1595022195981713414,Yes
1595758545068244993,Yes
1393654258415906822,No
1568556861833580545,Yes
1585217774351450113,Yes
1583464932783579137,Yes
1594749103568977921,Yes
1408586072909565959,Yes
1596614379600244736,Yes
1395809103050682374,No
1595635823927443456,No
1596883787660820480,No
1386062593761153026,No
1590755265363685377,Yes
1593140596910493696,Yes
1560220286984798212,Yes
1596952775895941120,Yes
1424018222177787912,No
1594952886798409728,Yes
1575539955325083648,Yes
1584606415531843584,Yes
1596943108083978240,Yes
1362092800683163657,Yes
1588120031212322818,Yes
1546969879475011585,No
1596928249111932928,Yes
1345434782612791296,No
1593643638772289537,Yes
1430481358590287873,No
1580022642765365248,Yes
1565213479698587650,Yes
1592826190531805184,Yes
1597327207424479233,Yes
1377761815300571142,No
1590401265875398656,Yes
1431830477871009795,No
1597707209609474048,Yes
1596416190754492416,Yes
1564269253443960834,Yes
1594410296390582276,Yes
1454808159055499267,No
1566490733598887936,Yes
1592970212139495425,No
1597344358067421186,Yes
1588197487726280704,Yes
1555335587485425665,No
1597553691657408514,Yes
1589312777851932672,Yes
1587509056524148737,Yes
1597852828789538818,No
1362828136417746947,Yes
1589984486288416768,Yes
1379865045287505931,No
1557790409597878274,Yes
1392413867242819585,No
1593149221972373505,No
1425697423951908866,No
1380118280988454917,No
1597587605235073024,Yes
1556981643876917248,Yes
1407578920271204355,No
1589768129395458048,Yes
1585246007033413632,Yes
1593970115535851520,Yes
1549475787530805251,Yes
1587886707319635969,Yes
1435098200994689026,No
1557450228185407491,Yes
1546172216328556549,Yes
1583250295739805696,Yes
1596827701759086592,Yes
1583526920255602688,Yes
1364247829477220355,No
1595506790019448832,No
1597849827802771456,Yes
1568613906779717633,Yes
1372478775271817217,No
1595471849911205889,Yes
1586099700578615296,No
1588179973667360768,Yes
1585709878575828998,Yes
1586234461569458176,Yes
1594715693521436674,Yes
1597258046270746624,Yes
1589686058501173248,Yes
1374468464992161795,No
1587317174821175296,Yes
1574715463812128769,Yes
1593919618657263617,Yes
1585567209119703040,Yes
1597336349220438016,Yes
1409822583936094214,No
1348701769627561991,No
1580104174318280704,Yes
1595118318784253955,Yes
1562892027679092736,Yes
1570036440343482369,Yes
1415081925316907017,No
1589957806173876224,Yes
1592585066995388416,Yes
1582381608010596352,No
1594413840909078529,No
1371598576233689096,No
1586475508342181894,Yes
1589731253758009344,Yes
1598001302725832706,Yes
1579748344129523712,Yes
1349389738659237889,No
1560243328406388737,Yes
1562012958846238720,Yes
1584986516048281614,Yes
1584260223489146880,Yes
1575197635803480064,Yes
1595472899279839234,No
1586059892313542656,Yes
1593910102548877312,Yes
1584624751405834242,Yes
1586574851724148738,Yes
1594790854690209794,Yes
1588841556131581954,Yes
1585930266786553856,Yes
1578446459045031936,Yes
1596180922017415168,Yes
1595026849335320579,No
1442173157981437954,No
1594361159267893249,Yes
1596801301777874948,Yes
1586390821162872832,Yes
1592799401986383873,Yes
1375780311594852355,No
1558113649004355585,Yes
1413782406637752320,No
1587154730832338944,Yes
1398578492497960964,No
1577702778385858561,Yes
1594429898831155200,Yes
1399644330172760066,Yes
1584883011241533447,Yes
1586030910780104708,Yes
1407809627144740865,No
1595507598752681995,Yes
1584060302114848769,No
1582495132091547648,Yes
1565703942532734976,Yes
1589300830930317313,Yes
1592586907502129153,Yes
1595391651186450432,Yes
1594585417138987008,Yes
1590976625734488064,Yes
1597995387230748672,Yes
1426103037479718922,No
1574766342212837376,Yes
1414197140251938822,No
1585599133393440770,Yes
1452650326788644886,No
1597205192608722944,Yes
1449864889917493250,No
1369310588443238407,No
1593658542564704256,Yes
1593888641306316801,No
1596859242291793921,Yes
1585334787015081984,Yes
1387721805889212416,No
1348311308450603009,No
1593290162083176449,Yes
1594372919383187465,Yes
1584205518109040640,Yes
1369661565696421891,Yes
1378423702912655362,No
1590433290598879232,Yes
1362754031869980678,Yes
1573517853655007232,Yes
1591793574005309441,Yes
1597810039506575360,Yes
1558360088804483074,Yes
1594174638736953345,Yes
1355576293442670601,No
1587845742000865280,No
1595492177093791768,Yes
1592608014187786242,Yes
1583110021763977217,Yes
1596129337610493952,No
1394923908218998785,No
1566144874226880514,Yes
1353378650519965696,No
1596974462184087552,Yes
1597542895049134082,Yes
1594385334112079875,Yes
1587789993467969537,Yes
1596471424042270722,No
1590230637637574656,Yes
1553813587516342281,Yes
1596492988292767746,Yes
1588956897402814465,No
1552222855118688256,Yes
1355966776450949136,No
1597279183125860352,Yes
1559153002426077184,Yes
1436664893466296329,No
1585306342172299264,No
1590797917010288640,Yes
1597254978355179521,No
1597954460223172609,Yes
1594689299513241607,Yes
1569086600734294027,Yes
1565763327380398081,Yes
1590780757123141632,Yes
1390697592862937092,No
1542893925412872199,Yes
1592261577381756935,Yes
1571927038642229250,Yes
1592631042082766849,Yes
1561340490628435968,Yes
1559139456174936064,No
1597343735209431042,Yes
1596479268045090818,Yes
1364592166752964608,No
1596951339875307522,No
1386454272976592900,No
1588146625830158338,Yes
1596554341598760964,Yes
1588243042527375361,Yes
1597989512948641794,Yes
1553225210089951233,Yes
1444892376443637762,No
1568215126645379074,No
1587855078525837312,Yes
1596198636697931777,Yes
1574795534623281152,Yes
1597651475924422659,No
1428082597561839616,No
1394224522283429888,No
1586281479675469824,Yes
1576527597961216001,No
1592569620732731394,Yes
1598005661031620608,Yes
1597609454455107584,No
1583521192543420419,Yes
1594062147918893057,Yes
1575889047528030215,Yes
1558151775248678912,Yes
1354512191832141828,No
1589088640772497408,Yes
1449869094291922945,No
1565408184118181888,Yes
1345776926674350083,No
1587331963895312384,Yes
1436424843805839366,No
1409726676993548288,No
1386403753822244868,No
1597620506550730753,Yes
1597476866402967552,Yes
1545131411631476737,Yes
1594384533494943744,Yes
1593606375283859456,Yes
1371244059415740417,No
1428065261643522054,No
1588242164844298240,Yes
1590779123147776001,Yes
1445676065368666128,No
1577549790237302784,Yes
1594609115967389696,Yes
1446025360722825217,No
1416886095128809477,No
1585710502856249344,Yes
1596471604950835200,Yes
1583158781391040513,Yes
1561685487915606016,Yes
1558364780125163521,Yes
1589547301047263235,Yes
1574671828756447237,Yes
1573681949826338818,Yes
1438054815771369474,No
1564988607114485760,Yes
1597116830539485191,Yes
1594357949081739264,Yes
1596782591117791233,Yes
1592889472974467073,Yes
1597671927736602626,Yes
1590825986433900544,Yes
1564476101824585729,Yes
1590797327828193308,Yes
1573068316620771328,Yes
1407026803911319555,No
1583128472167534592,Yes
1595859136088051715,Yes
1589662371521650688,Yes
1588113243289141248,Yes
1585222580679901185,Yes
1590187480753790976,Yes
1597270416846098432,Yes
1586088409474662400,Yes
1587020698719059969,Yes
1587355290445529088,Yes
1595500362743615491,Yes
1441468251527991301,No
1590028418392895489,Yes
1592206993410101248,Yes
1583572029458255872,Yes
1420134449363226627,No
1585672051729235970,Yes
1587494633910714369,Yes
1584230787775201282,Yes
1392003442835591168,Yes
1587806326079594501,Yes
1576302869967421441,Yes
1598007440817401857,Yes
1583443532907356160,Yes
1360988556643164161,No
1584197207762567168,Yes
1588218553597329409,Yes
1564596225067913216,Yes
1594058694299308032,Yes
1571862590762156032,Yes
1586213548304531456,Yes
1575890228333903872,Yes
1596723131766702081,Yes
1591133865363800065,Yes
1577727409402486784,Yes
1590005848931471360,Yes
1583479245699190785,Yes
1594365233220427785,Yes
1597279097432211457,Yes
1588622740713484288,No
1383946314455523331,No
1345767114959945729,No
1597661772701642753,Yes
1592244049318383616,Yes
1597868019434127361,Yes
1551072072989782017,Yes
1546602697624887296,Yes
1356106576352997378,No
1586271573228814337,Yes
1595058176222973952,No
1587747781434810368,Yes
1593652604671643648,Yes
1434986284783702016,No
1594796418165776390,Yes
1590308508905664512,Yes
1358466609732542465,No
1598001722575945728,Yes
1588821188062904321,Yes
1594387499291377666,Yes
1597200168214228992,Yes
1597997019142160387,Yes
1597324482963988480,Yes
1595870620268449792,No
1585349626713894912,No
1448363829067399182,Yes
1590630101669933056,Yes
1595445827371155458,No
1587876841943072769,Yes
1572931581278408706,Yes
1363587396886016000,No
1385829647548665857,Yes
1596933247044583424,Yes
1598005567687385088,Yes
1596861747427966976,No
1448175220855083009,No
1586668099364945924,Yes
1408429211807801348,No
1453450110520725512,No
1596975081103978496,Yes
1430215880970018834,No
1580133846917734400,Yes
1565378576412704775,Yes
1592889086930718721,Yes
1583444365241786370,Yes
1582707324308795393,Yes
1545641803034071042,No
1561696589911040001,Yes
1583085496216932352,Yes
1394210660528107521,No
1564586157660409856,Yes
1589219102337380352,Yes
1596059884021493760,No
1584162751777161217,Yes
1449685313727647746,No
1421871719598395394,No
1591355971674460162,Yes
1586029726279385089,No
1596848910823088129,Yes
1583155950722355200,No
1398715084214571008,No
1369215332888481793,Yes
1595399538679771136,Yes
1596409524562558976,Yes
1597921713421160448,Yes
1577598027958833153,Yes
1591224960286179331,No
1375143193449222148,No
1598052366070484993,Yes
1454953998369296390,No
1570471182671151104,Yes
1563414114671931396,Yes
1362148763633082369,No
1583833549412519936,No
1595014498586431490,Yes
1591144290025353216,Yes
1584600409145888768,Yes
1545486521851166722,No
1588456464137719808,No
1354115549480022017,Yes
1594934314835542017,Yes
1362681930551070720,No
1549834572375941122,Yes
1595312602686672896,Yes
1576519239342895104,Yes
1577728081585999882,Yes
1553343550594715650,No
1588982134038896640,Yes
1360613256595984387,Yes
1558019677732737025,No
1589933478959013888,No
1589559491355631616,Yes
1578796242477682688,Yes
1594694241300643840,Yes
1587074457713221632,No
1414581949188907010,No
1438894554426626050,No
1390192838151860225,No
1444378010090676227,No
1583781791655075841,No
1430265184178802699,No
1552773085711011840,Yes
1591488516680306688,Yes
1579534450492600321,Yes
1413076825715220485,No
1592250371631710212,Yes
1583802153520754688,Yes
1587353247857217536,Yes
1437380704728453120,No
1587013809671135233,Yes
1595135700596408321,No
1561427422511243267,Yes
1411805319517425666,No
1594352372796592128,No
1598009923765698561,Yes
1588248931556741121,Yes
1446381171928150067,No
1546179506871980032,Yes
1587886750457909250,Yes
1576598469946417153,Yes
1350828319076442112,Yes
1596189222184312832,Yes
1345142602794938372,No
1585929167211614208,Yes
1385631947767091202,No
1586007769710465024,Yes
1589242110254796800,No
1562304558012973056,Yes
1552437842059661312,Yes
1452341690187100162,No
1436056632987947011,No
1415745530907529230,No
1577006748015419393,Yes
1387494154176016389,No
1584806164403195904,Yes
1595151602343907328,Yes
1440663024411439113,No
1445462273749700615,No
1403356414224089088,No
1593624161758453761,Yes
1594431212487118848,Yes
1585713404798377986,No
1585345017639743490,Yes
1350855886974152705,No
1374058390016688135,No
1595501297310081024,Yes
1568520459297193985,No
1392610362848129029,No
1591512380785266689,Yes
1398681701333745668,No
1594348618290720769,Yes
1581391056989409280,Yes
1590696529463234561,Yes
1585315423813500928,Yes
1577765165331890181,Yes
1593630053589450753,Yes
1566776809571721219,Yes
1597636823656058880,Yes
1546893772109365249,Yes
1590050431698599938,Yes
1595672774730735617,No
1589551393454497793,Yes
1577536769104429056,Yes
1575393783746797568,Yes
1592133223018291200,No
1567727928133271554,Yes
1361425193772711939,No
1569292731138347008,Yes
1583456473820327936,No
1433129135065505792,No
1401852407236149249,Yes
1593290207356411907,Yes
1563192833640890370,Yes
1411656055159984136,No
1452302835006246919,No
1400072244810989573,Yes
1589668730065518593,Yes
1594808572210192409,Yes
1590038569460301824,Yes
1586048848455049216,No
1594941678582124544,Yes
1381605912960499715,Yes
1383939341844582407,No
1573006488435826688,Yes
1586036231573340161,No
1587868331180281863,Yes
1355068294466842625,No
1372504024994418689,No
1419022389636124672,No
1594789062098952204,Yes
1432358877983559686,No
1416017419118825476,No
1594357523318030344,Yes
1396820627428945926,No
1596976715582304256,Yes
1428800575987191814,No
1592269421472780288,Yes
1419701441565011972,Yes
1587703593049722880,Yes
1584884603428679682,Yes
1425525946958893061,No
1390723228440616961,No
1430778439037067268,No
1569029713762336774,Yes
1595519873886875649,No
1585679101066608647,Yes
1353263806303105024,No
1446025694601957379,No
1596547052598530048,Yes
1592836375925379072,Yes
1354197702041624582,No
1355211568095637505,Yes
1586302666795143168,Yes
1349674263062540290,Yes
1597245177604833292,No
1406719871900127232,No
1345837639639904261,No
1592271906182516738,Yes
1383138850973827076,No
1387529232797024259,Yes
1597901444551626752,Yes
1597631761944440833,No
1590061484029407232,Yes
1391422324533080065,No
1586330638659256320,Yes
1587160023867826177,Yes
1349793364502339584,No
1597032746094047232,Yes
1392218215137296394,Yes
1580964523200348162,Yes
1586028685530124288,Yes
1584237724504293376,Yes
1548625293761454081,Yes
1597596250253438977,Yes
1584266596348211200,Yes
1594362000640966661,Yes
1596218863951417344,Yes
1597898415190724611,Yes
1397139506088775682,No
1590998982326898688,No
1596156390682529794,Yes
1596575127592140805,No
1588586462190391296,Yes
1584212828239835136,Yes
1406671290094833674,Yes
1584274214638407681,Yes
1590563241473626113,No
1595473216302112768,Yes
1584868189741420545,Yes
1551292657179447296,Yes
1584865168688697344,Yes
1565057153081163776,Yes
1589654187549536257,Yes
1585970110883561473,Yes
1358875038028599297,No
1437400208250449921,No
1595509736086114325,Yes
1586979118461190144,Yes
1579213621460176898,No
1377981012165193731,No
1596510541597794306,Yes
1589304249422614528,Yes
1409528281771261960,No
1593576614566264837,Yes
1597968046039056384,Yes
1544267313763024896,Yes
1595748399730798593,Yes
1582409088037552152,Yes
1590086233975160832,Yes
1408019154850942980,No
1587161354917511175,Yes
1590029174689132544,Yes
1584244314141360129,No
1595147382936981504,Yes
1424378695335219203,Yes
1364274686012624899,No
1407916468230967299,No
1585534006904455168,No
1589289971261005825,Yes
1563799916962521088,Yes
1589485145400045568,Yes
1587091239182245889,Yes
1402354197857767429,No
1573668560618094594,Yes
1385980681080164355,No
1371564963110731785,Yes
1352431826258817024,No
1593306269061890053,Yes
1347590307584606208,No
1595462802189258754,Yes
1349081176733069314,Yes
1586986020226179072,Yes
1568628262682648579,Yes
1588591389486747649,No
1391479701370245123,No
1596450132530454529,No
1595337991848878080,Yes
1381629968560619521,No
1583357672761438208,Yes
1590315863114412033,Yes
1590735936757071872,Yes
1590037717530050560,Yes
1361065567407525891,No
1589826771926777856,Yes
1409368611345649665,No
1593885124042563584,Yes
1587460864625590272,Yes
1596092270784176128,Yes
1561708831133929473,No
1362026487080226818,No
1368640076129972225,Yes
1389862916309065730,No
1431681687029682176,No
1596893571176882177,Yes
1584268078770057217,Yes
1570470454800052230,Yes
1383920330758975497,No
1592068430294917122,Yes
1433178403876790273,No
1589256647306006530,Yes
1589668342344085504,No
1573694153325699072,Yes
1430440179332960256,Yes
1590656344990035969,No
1593355254854189057,Yes
1568244269558935556,Yes
1598043966158479360,Yes
1598010941370961920,Yes
1400377632512937984,No
1583366985353924608,Yes
1594570325815181313,Yes
1589667336604516353,No
1590035574098112514,Yes
1431321604336803840,No
1595158182636445696,Yes
1589723124890681344,No
1573547242493038598,No
1592621469754093568,Yes
1592136272222494722,Yes
1386388633377144832,No
1560713277344301056,Yes
1597888860616527872,Yes
1440391413447884805,No
1413375244153335811,No
1596599848123650048,No
1587167519558836225,Yes
1593500084771213315,Yes
1588236925256847361,Yes
1586668830834696192,Yes
1591459378787504133,Yes
1351230774285119489,No
1411995305122349056,Yes
1594008601907105797,Yes
1349865118553702400,Yes
1402141775662354439,No
1544518829006589954,Yes
1597619791900344320,No
1583714962111074305,Yes
1570398186061307905,Yes
1403398926401683460,No
1592024015278936064,Yes
1596211564310417411,Yes
1415218098022633475,No
1588162008066985984,Yes
1403094928297713679,No
1592168847297376257,Yes
1584499844668084225,Yes
1591120769601658882,Yes
1415342089597079559,No
1595026691159736321,Yes
1586460141356208129,Yes
1584912136781942784,Yes
1592921956915253248,Yes
1371218898188652544,No
1586696249851494401,Yes
1589647709220503552,No
1349964333560832003,No
1588982522679283712,Yes
1597461111720546305,Yes
1354728145627262979,No
1568227963279405058,Yes
1542822037143670790,Yes
1392945690729385984,No
1595105911034744834,Yes
1585354202486013952,Yes
1589916234304262144,Yes
1585708029521104932,No
1595004863322415106,Yes
1431649434526441481,Yes
1585344210005528576,Yes
1438979700081283078,No
1575566064163123200,No
1585907254401826818,No
1595728748216721413,No
1346491790858268672,Yes
1596412801639415808,Yes
1597978760887693312,No
1592466208561197058,Yes
1414515102481518595,No
1580633213260959744,No
1586599761091723265,Yes
1591060245400649728,Yes
1375781448662269954,Yes
1588252350007103488,Yes
1583867749859614721,Yes
1596236651516383232,Yes
1595374952047419393,Yes
1547478274992877569,Yes
1594610958223249408,Yes
1590041088592875526,Yes
1561057806689632258,Yes
1393691682097541129,No
1595154231040049152,Yes
1585896618532167681,Yes
1566799617576009728,No
1594774752224284695,Yes
1437456048684736518,No
1587243923793215488,Yes
1597278698168012800,Yes
1386286311217172480,No
1589601095755902978,No
1565502913790808071,Yes
1583455026877386754,Yes
1594321269553594370,Yes
1597991957388632064,Yes
1582778777666396160,Yes
1596049903557517312,Yes
1595525994135552001,Yes
1550883483635126272,Yes
1584942479589400576,Yes
1594334730798989312,Yes
1432944947234213894,No
1585847360365547520,No
1593760283847270401,No
1377870202013151234,No
1357712249482321920,No
1591129834708955136,Yes
1596962445784145920,Yes
1559625398517899264,Yes
1595134356061929493,No
1594378662555549698,Yes
1597479517710618625,Yes
1567164215730864129,Yes
1583882079213080576,Yes
1557304572204417025,Yes
1595813657161736192,Yes
1550492913586552838,Yes
1354536063688179713,No
1424357502389530624,No
1594401545118011392,Yes
1587340790673596416,Yes
1596184966572003328,Yes
1585588452430602241,Yes
1586020787529535489,Yes
1419715436686594053,No
1372274107908304898,No
1588220840520417286,Yes
1393931156270292997,No
1594792629723611142,Yes
1569007072762535938,No
1596042772603084800,Yes
1592922730533265408,Yes
1439879601837248521,No
1597582156678717440,Yes
1564216592002695168,Yes
1598014333258067969,Yes
1577210217233686529,Yes
1592133209365811201,Yes
1419734510720143374,No
1565967655978287105,Yes
1564719317303926786,Yes
1594409641102151680,Yes
1441464864183050240,No
1585184052730302464,Yes
1583188200046366720,Yes
1557429876399001600,Yes
1551164802587926528,Yes
1586419442984321025,Yes
1592107230845087744,Yes
1583781678476324864,Yes
1574706364206587904,Yes
1351957804039467008,No
1424450626000498694,No
1586143184815783938,No
1421495722868871174,No
1547157901160189952,No
1589787680740892672,Yes
1593685405030907905,Yes
1585575992013328385,Yes
1376176833541079043,Yes
1584965754075873281,No
1597544523462508546,Yes
1558426911243640832,Yes
1587024632988811265,Yes
1584889222242086912,Yes
1591808977096015873,Yes
1592885496346476544,Yes
1546607575575281664,Yes
1585039204794654720,No
1448928175619182596,No
1590944910597033984,Yes
1589698497174859776,Yes
1584635702867886082,Yes
1386374188580151298,No
1590236198865620992,Yes
1596903565271891969,Yes
1364690409918758915,No
1575104670418075649,Yes
1574826973695807497,Yes
1568351539504492544,Yes
1381286200883953666,No
1593265585374302212,Yes
1590754107035648001,Yes
1397208946570579975,No
1383417528068628486,No
1352303792197398531,Yes
1594784718465208364,No
1360530477824827392,No
1594799828558553097,Yes
1594693173238009856,Yes
1358869141269151747,No
1598046905443192832,Yes
1387413308114939915,No
1597994590430433282,Yes
1556001369554829313,Yes
1390276707018498051,No
1596126376024842244,Yes
1590060931681505280,Yes
1586404093865742337,Yes
1403075589607608320,No
1392469143958523905,No
1596797816445497344,Yes
1352703324810858496,No
1585576366648475648,Yes
1590333601593569281,Yes
1385935630904008706,No
1395129429521752070,No
1584533748875284482,Yes
1558394316631965696,Yes
1446116057937154069,No
1588978583271530497,Yes
1585288629961871361,Yes
1381205317489467395,No
1419612167888855043,No
1592604394021097472,Yes
1597274909302231040,Yes
1591730510912716801,Yes
1552592261183143936,Yes
1584144476804894721,Yes
1436402011684184065,No
1590755440056754176,Yes
1592249770822598656,Yes
1440712180010082308,No
1593293701538791424,Yes
1585967283297390593,Yes
1589269114521985026,Yes
1592817411518267392,Yes
1409388231469289473,No
1573329862525587464,Yes
1413219668593192964,No
1443906249867804672,No
1345520711738286086,No
1549348074690150401,No
1589687013967826944,Yes
1593990344961675265,Yes
1573250327519846400,Yes
1394686382665310211,Yes
1591121341763158041,Yes
1575415194708283393,Yes
1588581998771118080,Yes
1597977465540210691,Yes
1583475530669490176,Yes
1588180602569760770,Yes
1587773940444831755,Yes
1592595265051299840,Yes
1597949974939336705,Yes
1431257800194330628,No
1386724504009904129,No
1388534212387606535,No
1351262796156194830,Yes
1593983523316469760,Yes
1383382775747670020,No
1371810214530408448,Yes
1594746564936859650,Yes
1366016049083281412,No
1411811905400868866,No
1381634495472922628,No
1583920410697289728,No
1591152415910539265,Yes
1350818167610875907,No
1594430391720493057,Yes
1346835083299336192,Yes
1596957305396133888,Yes
1595134223803117572,No
1450902609825513482,No
1584687947038982144,Yes
1595184703530745858,Yes
1566485597836951554,No
1587863145338793985,Yes
1589376466919518208,Yes
1579358338319777792,Yes
1584680419760705536,Yes
1596943431255101440,Yes
1404523949468393476,No
1576886042887565312,Yes
1567769573469872128,No
1582318656708493312,Yes
1554173012286574595,Yes
1354126379588210689,No
1597599378612838408,Yes
1597101455760314368,Yes
1597125142119059456,No
1589993946599804929,No
1590694068673073152,Yes
1443711928178720769,No
1575567363071541250,Yes
1551997600727015424,Yes
1594432240427143168,Yes
1584201711358709761,No
1596836339240275972,No
1591413606352035841,Yes
1356170345317867521,No
1584871554793365505,Yes
1585518436167389184,No
1588262556212551680,Yes
1584871469620027394,Yes
1349850964455514113,No
1570040359736037382,Yes
1567867458312077312,Yes
1432249079069908993,No
1552788902813077504,No
1433353610834874370,No
1395863686485528581,No
1568121452993605632,No
1595104191546101771,Yes
1413575265876316164,Yes
1395708385228623873,No
1583158099715969025,Yes
1392722040348631043,Yes
1589992481449385984,Yes
1358100045183275010,No
1586611940842999808,Yes
1360111486576828417,No
1597655941687959552,Yes
1387793999084376064,No
1586444267207229440,Yes
1589573763502571520,Yes
1399662950370193416,No
1558812228815654912,No
1594784341443416082,Yes
1588542864794955776,Yes
1594542575909851137,Yes
1591496743237357568,Yes
1347594370602692610,No
1423212267785572353,No
1352873870232064000,No
1587543400580087809,No
1587387920276766720,Yes
1593539327623151619,Yes
1393886554062524418,No
1597925615092764672,Yes
1585291418616176640,Yes
1594775287622995971,Yes
